id,name,address,city,cuisine
0,arnie morton's of chicago, 435 s. la cienega blv., los angeles, american
1,art's delicatessen, 12224 ventura blvd., studio city, american
2,hotel bel-air, 701 stone canyon rd., bel air, californian
3,cafe bizou, 14016 ventura blvd., sherman oaks, french
4,campanile, 624 s. la brea ave., los angeles, american
5,chinois on main, 2709 main st., santa monica, french
6,citrus, 6703 melrose ave., los angeles, californian
7,fenix, 8358 sunset blvd. west, hollywood, american
8,granita, 23725 w. malibu rd., malibu, californian
9,grill on the alley, 9560 dayton way, los angeles, american
10,restaurant katsu, 1972 n. hillhurst ave., los angeles, asian
11,l'orangerie, 903 n. la cienega blvd., los angeles, french
12,le chardonnay, 8284 melrose ave., los angeles, french
13,locanda veneta, 3rd st., los angeles, italian
14,matsuhisa, 129 n. la cienega blvd., beverly hills, asian
15,the palm, 9001 santa monica blvd., los angeles, american
16,patina, 5955 melrose ave., los angeles, californian
17,philippe's the original, 1001 n. alameda st., los angeles, american
18,pinot bistro, 12969 ventura blvd., los angeles, french
19,rex il ristorante, 617 s. olive st., los angeles, italian
20,spago, 1114 horn ave., los angeles, californian
21,valentino, 3115 pico blvd., santa monica, italian
22,yujean kang's gourmet chinese cuisine, 67 n. raymond ave., los angeles, asian
23,21 club, 21 w. 52nd st., new york, american
24,aquavit, 13 w. 54th st., new york, continental
25,aureole, 34 e. 61st st., new york, american
26,cafe lalo, 201 w. 83rd st., new york, coffee bar
27,cafe des artistes, 1 w. 67th st., new york, continental
28,carmine's, 2450 broadway  between 90th and 91st sts., new york, italian
29,carnegie deli, 854 7th ave.  between 54th and 55th sts., new york, delicatessen
30,chanterelle, 2 harrison st.  near hudson st., new york, american
31,daniel, 20 e. 76th st., new york, french
32,dawat, 210 e. 58th st., new york, asian
33,felidia, 243 e. 58th st., new york, italian
34,four seasons grill room, 99 e. 52nd st., new york, american
35,gotham bar & grill, 12 e. 12th st., new york, american
36,gramercy tavern, 42 e. 20th st.  between park ave. s and broadway, new york, american
37,island spice, 402 w. 44th st., new york, tel caribbean
38,jo jo, 160 e. 64th st., new york, american
39,la caravelle, 33 w. 55th st., new york, french
40,la cote basque, 60 w. 55th st.  between 5th and 6th ave., new york, french
41,le bernardin, 155 w. 51st st., new york, french
42,les celebrites, 160 central park s, new york, french
43,lespinasse, 2 e. 55th st., new york, american
44,lutece, 249 e. 50th st., new york, french
45,manhattan ocean club, 57 w. 58th st., new york, seafood
46,march, 405 e. 58th st., new york, american
47,mesa grill, 102 5th ave.  between 15th and 16th sts., new york, american
48,mi cocina, 57 jane st.  off hudson st., new york, mexican
49,montrachet, 239 w. broadway  between walker and white sts., new york, french
50,oceana, 55 e. 54th st., new york, seafood
51,park avenue cafe, 100 e. 63rd st., new york, american
52,petrossian, 182 w. 58th st., new york, french
53,picholine, 35 w. 64th st., new york, mediterranean
54,pisces, 95 ave. a at 6th st., new york, seafood
55,rainbow room, 30 rockefeller plaza, new york, or 212/632-5100 american
56,river cafe, 1 water st. at the east river, brooklyn, american
57,san domenico, 240 central park s, new york, italian
58,second avenue deli, 156 2nd ave. at 10th st., new york, delicatessen
59,seryna, 11 e. 53rd st., new york, asian
60,shun lee west, 43 w. 65th st., new york, asian
61,sign of the dove, 1110 3rd ave. at 65th st., new york, american
62,smith & wollensky, 201 e. 49th st., new york, american
63,tavern on the green, in central park at 67th st., new york, american
64,uncle nick's, 747 9th ave.  between 50th and 51st sts., new york, mediterranean
65,union square cafe, 21 e. 16th st., new york, american
66,virgil's, 152 w. 44th st., new york, american
67,chin's, 3200 las vegas blvd. s, las vegas, asian
68,coyote cafe, 3799 las vegas blvd. s, las vegas, southwestern
69,le montrachet, 3000 w. paradise rd., las vegas, continental
70,palace court, 3570 las vegas blvd. s, las vegas, continental
71,second street grille, 200 e. fremont st., las vegas, seafood
72,steak house, 2880 las vegas blvd. s, las vegas, steak houses
73,tillerman, 2245 e. flamingo rd., las vegas, seafood
74,abruzzi, 2355 peachtree rd.  peachtree battle shopping center, atlanta, italian
75,bacchanalia, 3125 piedmont rd.  near peachtree rd., atlanta, international
76,bone's, 3130 piedmont road, atlanta, american
77,brasserie le coze, 3393 peachtree rd.  lenox square mall  near neiman marcus, atlanta, french
78,buckhead diner, 3073 piedmont road, atlanta, american
79,ciboulette, 1529 piedmont ave., atlanta, french
80,delectables, 1 margaret mitchell sq., atlanta, american
81,georgia grille, 2290 peachtree rd.  peachtree square shopping center, atlanta, american
82,hedgerose heights inn, 490 e. paces ferry rd., atlanta, international
83,heera of india, 595 piedmont ave.  rio shopping mall, atlanta, asian
84,indigo coastal grill, 1397 n. highland ave., atlanta, caribbean
85,la grotta, 2637 peachtree rd.  peachtree house condominium, atlanta, italian
86,mary mac's tea room, 224 ponce de leon ave., atlanta, southern
87,nikolai's roof, 255 courtland st.  at harris st., atlanta, continental
88,pano's and paul's, 1232 w. paces ferry rd., atlanta, international
89,cafe  ritz-carlton  buckhead, 3434 peachtree rd., atlanta, ext 6108 international
90,dining room  ritz-carlton  buckhead, 3434 peachtree rd., atlanta, international
91,restaurant  ritz-carlton  atlanta, 181 peachtree st., atlanta, continental
92,toulouse, b peachtree rd., atlanta, french
93,veni vidi vici, 41 14th st., atlanta, italian
94,alain rondelli, 126 clement st., san francisco, french
95,aqua, 252 california st., san francisco, seafood
96,boulevard, 1 mission st., san francisco, american
97,cafe claude, 7 claude la., san francisco, french
98,campton place, 340 stockton st., san francisco, american
99,chez michel, 804 northpoint, san francisco, french
100,fleur de lys, 777 sutter st., san francisco, french
101,fringale, 570 4th st., san francisco, french
102,hawthorne lane, 22 hawthorne st., san francisco, american
103,khan toke thai house, 5937 geary blvd., san francisco, asian
104,la folie, 2316 polk st., san francisco, french
105,lulu, 816 folsom st., san francisco, mediterranean
106,masa's, 648 bush st., san francisco, french
107,mifune japan center  kintetsu building, 1737 post st., san francisco, asian
108,plumpjack cafe, 3201 fillmore st., san francisco, mediterranean
109,postrio, 545 post st., san francisco, american
110,ritz-carlton restaurant and dining room, 600 stockton st., san francisco, american
111,rose pistola, 532 columbus ave., san francisco, italian
112,adriano's ristorante, 2930 beverly glen circle, los angeles, italian
113,barney greengrass, 9570 wilshire blvd., beverly hills, american
114,beaurivage, 26025 pacific coast hwy., malibu, french
115,bistro garden, 176 n. canon dr., los angeles, californian
116,border grill, 4th st., los angeles, mexican
117,broadway deli, 3rd st. promenade, santa monica, american
118,ca'brea, 346 s. la brea ave., los angeles, italian
119,ca'del sol, 4100 cahuenga blvd., los angeles, italian
120,cafe pinot, 700 w. fifth st., los angeles, californian
121,california pizza kitchen, 207 s. beverly dr., los angeles, californian
122,canter's, 419 n. fairfax ave., los angeles, american
123,cava, 3rd st., los angeles, mediterranean
124,cha cha cha, 656 n. virgil ave., los angeles, caribbean
125,chan dara, 310 n. larchmont blvd., los angeles, asian
126,clearwater cafe, 168 w. colorado blvd., los angeles, health food
127,dining room, 9500 wilshire blvd., los angeles, californian
128,dive!, 10250 santa monica blvd., los angeles, dive american
129,drago, 2628 wilshire blvd., santa monica, italian
130,drai's, 730 n. la cienega blvd., los angeles, french
131,dynasty room, 930 hilgard ave., los angeles, continental
132,eclipse, 8800 melrose ave., los angeles, californian
133,ed debevic's, 134 n. la cienega, los angeles, american
134,el cholo, 1121 s. western ave., los angeles, mexican
135,gilliland's, 2424 main st., santa monica, american
136,gladstone's, 4 fish 17300 pacific coast hwy. at sunset blvd., pacific palisades, american
137,hard rock cafe, 8600 beverly blvd., los angeles, american
138,harry's bar & american grill, 2020 ave. of the stars, los angeles, italian
139,il fornaio cucina italiana, 301 n. beverly dr., los angeles, italian
140,jack sprat's grill, 10668 w. pico blvd., los angeles, health food
141,jackson's farm, 439 n. beverly drive, los angeles, californian
142,jimmy's, 201 moreno dr., los angeles, continental
143,joss, 9255 sunset blvd., los angeles, asian
144,le colonial, 8783 beverly blvd., los angeles, asian
145,le dome, 8720 sunset blvd., los angeles, french
146,louise's trattoria, 4500 los feliz blvd., los angeles, italian
147,mon kee seafood restaurant, 679 n. spring st., los angeles, asian
148,morton's, 8764 melrose ave., los angeles, american
149,nate 'n' al's, 414 n. beverly dr., los angeles, american
150,nicola, 601 s. figueroa st., los angeles, american
151,ocean avenue, 1401 ocean ave., santa monica, american
152,orleans, 11705 national blvd., los angeles, cajun
153,pacific dining car, 6th st., los angeles, american
154,paty's, 10001 riverside dr., toluca lake, american
155,pinot hollywood, 1448 n. gower st., los angeles, californian
156,posto, 14928 ventura blvd., sherman oaks, italian
157,prego, 362 n. camden dr., los angeles, italian
158,rj's the rib joint, 252 n. beverly dr., los angeles, american
159,remi, 3rd st. promenade, santa monica, italian
160,restaurant horikawa, 111 s. san pedro st., los angeles, asian
161,roscoe's house of chicken 'n' waffles, 1514 n. gower st., los angeles, american
162,schatzi on main, 3110 main st., los angeles, continental
163,sofi, 3rd st., los angeles, mediterranean
164,swingers, 8020 beverly blvd., los angeles, american
165,tavola calda, 7371 melrose ave., los angeles, italian
166,the mandarin, 430 n. camden dr., los angeles, asian
167,tommy tang's, 7313 melrose ave., los angeles, asian
168,tra di noi, 3835 cross creek rd., los angeles, italian
169,trader vic's, 9876 wilshire blvd., los angeles, asian
170,vida, 1930 north hillhurst ave., los feliz, american
171,west beach cafe, 60 n. venice blvd., los angeles, american
172,20 mott, 20 mott st.  between bowery and pell st., new york, asian
173,9 jones street, 9 jones st., new york, american
174,adrienne, 700 5th ave. at 55th st., new york, french
175,agrotikon, 322 e. 14 st.  between 1st and 2nd aves., new york, mediterranean
176,aja, 937 broadway at 22nd st., new york, american
177,alamo, 304 e. 48th st., new york, mexican
178,alley's end, 311 w. 17th st., new york, american
179,ambassador grill, 1 united nations plaza at 44th st., new york, american
180,american place, 2 park ave. at 32nd st., new york, american
181,anche vivolo, 222 e. 58th st.  between 2nd and 3rd aves., new york, italian
182,arizona, 206 206 e. 60th st., new york, american
183,arturo's, 106 w. houston st.  off thompson st., new york, italian
184,au mandarin, 200-250 vesey st. world financial center, new york, asian
185,bar anise, 1022 3rd ave.  between 60th and 61st sts., new york, mediterranean
186,barbetta, 321 w. 46th st., new york, italian
187,ben benson's, 123 w. 52nd st., new york, american
188,big cup, 228 8th ave.  between 21st and 22nd sts., new york, coffee bar
189,billy's, 948 1st ave.  between 52nd and 53rd sts., new york, american
190,boca chica, 13 1st ave.  near 1st st., new york, latin american
191,bolo, 23 e. 22nd st., new york, mediterranean
192,boonthai, 1393a 2nd ave.  between 72nd and 73rd sts., new york, asian
193,bouterin, 420 e. 59th st.  off 1st ave., new york, french
194,brothers bar-b-q, 225 varick st. at clarkston st., new york, american
195,bruno, 240 e. 58th st., new york, italian
196,bryant park grill  roof restaurant and bp cafe, 25 w. 40th st.  between 5th and 6th aves., new york, american
197,c3, 103 waverly pl.  near washington sq., new york, american
198,ct, 111 e. 22nd st.  between park ave. s and lexington ave., new york, french
199,cafe bianco, 1486 2nd ave.  between 77th and 78th sts., new york, coffee bar
200,cafe botanica, 160 central park s, new york, french
201,cafe la fortuna, 69 w. 71st st., new york, coffee bar
202,cafe luxembourg, 200 w. 70th st., new york, french
203,cafe pierre, 2 e. 61st st., new york, french
204,cafe centro, 200 park ave.  between 45th st. and vanderbilt ave., new york, french
205,cafe fes, 246 w. 4th st. at charles st., new york, mediterranean
206,caffe dante, 81 macdougal st.  between houston and bleeker sts., new york, coffee bar
207,caffe dell'artista, 46 greenwich ave., new york, coffee bar
208,caffe lure, 169 sullivan st.  between houston and bleecker sts., new york, french
209,caffe reggio, 119 macdougal st.  between 3rd and bleecker sts., new york, coffee bar
210,caffe roma, 385 broome st. at mulberry, new york, coffee bar
211,caffe vivaldi, 32 jones st. at bleecker st., new york, coffee bar
212,caffe bondi ristorante, 7 w. 20th st., new york, italian
213,capsouto freres, 451 washington st.  near watts st., new york, french
214,captain's table, 860 2nd ave. at 46th st., new york, seafood
215,casa la femme, 150 wooster st.  between houston and prince sts., new york, middle eastern
216,cendrillon asian grill & marimba bar, 45 mercer st.  between broome and grand sts., new york, asian
217,chez jacqueline, 72 macdougal st.  between w. houston and bleecker sts., new york, french
218,chiam, 160 e. 48th st., new york, asian
219,china grill, 60 w. 53rd st., new york, american
220,cite, 120 w. 51st st., new york, french
221,coco pazzo, 23 e. 74th st., new york, italian
222,columbus bakery, 53rd sts., new york, coffee bar
223,corrado cafe, 1013 3rd ave.  between 60th and 61st sts., new york, coffee bar
224,cupcake cafe, 522 9th ave. at 39th st., new york, coffee bar
225,da nico, 164 mulberry st.  between grand and broome sts., new york, italian
226,dean & deluca, 121 prince st., new york, coffee bar
227,diva, 341 w. broadway  near grand st., new york, italian
228,dix et sept, 181 w. 10th st., new york, french
229,docks, 633 3rd ave. at 40th st., new york, seafood
230,duane park cafe, 157 duane st.  between w. broadway and hudson st., new york, american
231,el teddy's, 219 w. broadway  between franklin and white sts., new york, mexican
232,emily's, 1325 5th ave. at 111th st., new york, american
233,empire korea, 6 e. 32nd st., new york, asian
234,ernie's, 2150 broadway  between 75th and 76th sts., new york, american
235,evergreen cafe, 1288 1st ave. at 69th st., new york, asian
236,f. ille ponte ristorante, 39 desbrosses st.  near west st., new york, italian
237,felix, 340 w. broadway at grand st., new york, french
238,ferrier, 29 e. 65th st., new york, french
239,fifty seven fifty seven, 57 e. 57th st., new york, american
240,film center cafe, 635 9th ave.  between 44th and 45th sts., new york, american
241,fiorello's roman cafe, 1900 broadway  between 63rd and 64th sts., new york, italian
242,firehouse, 522 columbus ave.  between 85th and 86th sts., new york, american
243,first, 87 1st ave.  between 5th and 6th sts., new york, american
244,fishin eddie, 73 w. 71st st., new york, seafood
245,fleur de jour, 348 e. 62nd st., new york, coffee bar
246,flowers, 21 west 17th st.  between 5th and 6th aves., new york, american
247,follonico, 6 w. 24th st., new york, italian
248,fraunces tavern, 54 pearl st. at broad st., new york, american
249,french roast, 458 6th ave. at 11th st., new york, french
250,french roast cafe, 2340 broadway at 85th st., new york, coffee bar
251,frico bar, 402 w. 43rd st.  off 9th ave., new york, italian
252,fujiyama mama, 467 columbus ave.  between 82nd and 83rd sts., new york, asian
253,gabriela's, 685 amsterdam ave. at 93rd st., new york, mexican
254,gallagher's, 228 w. 52nd st., new york, american
255,gianni's, 15 fulton st., new york, seafood
256,girafe, 208 e. 58th st.  between 2nd and 3rd aves., new york, italian
257,global, 33 93 2nd ave.  between 5th and 6th sts., new york, american
258,golden unicorn, 18 e. broadway at catherine st., new york, asian
259,grand ticino, 228 thompson st.  between w. 3rd and bleecker sts., new york, italian
260,halcyon, 151 w. 54th st.  in the rihga royal hotel, new york, american
261,hard rock cafe, 221 w. 57th st., new york, american
262,hi-life restaurant and lounge, 1340 1st ave. at 72nd st., new york, american
263,home, 20 cornelia st.  between bleecker and w. 4th st., new york, american
264,hudson river club, 4 world financial center, new york, american
265,i trulli, 122 e. 27th st.  between lexington and park aves., new york, italian
266,il cortile, 125 mulberry st.  between canal and hester sts., new york, italian
267,il nido, 251 e. 53rd st., new york, italian
268,inca grill, 492 broome st.  near w. broadway, new york, latin american
269,indochine, 430 lafayette st.  between 4th st. and astor pl., new york, asian
270,internet cafe, 82 e. 3rd st.  between 1st and 2nd aves., new york, coffee bar
271,ipanema, 13 w. 46th st., new york, latin american
272,jean lafitte, 68 w. 58th st., new york, french
273,jewel of india, 15 w. 44th st., new york, asian
274,jimmy sung's, 219 e. 44th st.  between 2nd and 3rd aves., new york, asian
275,joe allen, 326 w. 46th st., new york, american
276,judson grill, 152 w. 52nd st., new york, american
277,l'absinthe, 227 e. 67th st., new york, french
278,l'auberge, 1191 1st ave.  between 64th and 65th sts., new york, middle eastern
279,l'auberge du midi, 310 w. 4th st.  between w. 12th and bank sts., new york, french
280,l'udo, 432 lafayette st.  near astor pl., new york, french
281,la reserve, 4 w. 49th st., new york, french
282,lanza restaurant, 168 1st ave.  between 10th and 11th sts., new york, italian
283,lattanzi ristorante, 361 w. 46th st., new york, italian
284,layla, 211 w. broadway at franklin st., new york, middle eastern
285,le chantilly, 106 e. 57th st., new york, french
286,le colonial, 149 e. 57th st., new york, asian
287,le gamin, 50 macdougal st.  between houston and prince sts., new york, coffee bar
288,le jardin, 25 cleveland pl.  near spring st., new york, french
289,le madri, 168 w. 18th st., new york, italian
290,le marais, 150 w. 46th st., new york, american
291,le perigord, 405 e. 52nd st., new york, french
292,le select, 507 columbus ave.  between 84th and 85th sts., new york, american
293,les halles, 411 park ave. s  between 28th and 29th sts., new york, french
294,lincoln tavern, 51 w. 64th st., new york, american
295,lola, 30 west 22nd st.  between 5th and 6th ave., new york, american
296,lucky strike, 59 grand st.  between wooster st. and w. broadway, new york, or 212/941-0772 american
297,mad fish, 2182 broadway  between 77th and 78th sts., new york, seafood
298,main street, 446 columbus ave.  between 81st and 82nd sts., new york, american
299,mangia e bevi, 800 9th ave. at 53rd st., new york, italian
300,manhattan cafe, 1161 1st ave.  between 63rd and 64th sts., new york, american
301,manila garden, 325 e. 14th st.  between 1st and 2nd aves., new york, asian
302,marichu, 342 e. 46th st.  between 1st and 2nd aves., new york, french
303,marquet patisserie, 15 e. 12th st.  between 5th ave. and university pl., new york, coffee bar
304,match, 160 mercer st.  between houston and prince sts., new york, american
305,matthew's, 1030 3rd ave. at 61st st., new york, american
306,mavalli palace, 46 e. 29th st., new york, asian
307,milan cafe and coffee bar, 120 w. 23rd st., new york, coffee bar
308,monkey bar, 60 e. 54th st., new york, american
309,montien, 1134 1st ave.   between 62nd and 63rd sts., new york, asian
310,morton's, 551 5th ave. at 45th st., new york, american
311,motown cafe, 104 w. 57th st.  near 6th ave., new york, american
312,new york kom tang soot bul house, 32 w. 32nd st., new york, asian
313,new york noodletown, 28 1/2 bowery at bayard st., new york, asian
314,newsbar, 2 w. 19th st., new york, coffee bar
315,odeon, 145 w. broadway at thomas st., new york, american
316,orso, 322 w. 46th st., new york, italian
317,osteria al droge, 142 w. 44th st., new york, italian
318,otabe, 68 e. 56th st., new york, asian
319,pacifica, 138 lafayette st.  between canal and howard sts., new york, asian
320,palio, 151 w. 51st. st., new york, italian
321,pamir, 1065 1st ave.  at 58th st., new york, middle eastern
322,parioli romanissimo, 24 e. 81st st., new york, italian
323,patria, 250 park ave. s at 20th st., new york, latin american
324,peacock alley, 301 park ave.  between 49th and 50th sts., new york, french
325,pen & pencil, 205 e. 45th st., new york, american
326,penang soho, 109 spring st.  between greene and mercer sts., new york, asian
327,persepolis, 1423 2nd ave.  between 74th and 75th sts., new york, middle eastern
328,planet hollywood, 140 w. 57th st., new york, american
329,pomaire, 371 w. 46th st.  off 9th ave., new york, latin american
330,popover cafe, 551 amsterdam ave.  between 86th and 87th sts., new york, american
331,post house, 28 e. 63rd st., new york, american
332,rain, 100 w. 82nd st., new york, asian
333,red tulip, 439 e. 75th st., new york, eastern european
334,remi, 145 w. 53rd st., new york, italian
335,republic, 37a union sq. w  between 16th and 17th sts., new york, asian
336,roettelle a. g, 126 e. 7th st.  between 1st ave. and ave. a, new york, continental
337,rosa mexicano, 1063 1st ave. at 58th st., new york, mexican
338,ruth's chris, 148 w. 51st st., new york, american
339,s.p.q.r, 133 mulberry st.  between hester and grand sts., new york, italian
340,sal anthony's, 55 irving pl., new york, italian
341,sammy's roumanian steak house, 157 chrystie st. at delancey st., new york, east european
342,san pietro, 18 e. 54th st., new york, italian
343,sant ambroeus, 1000 madison ave.  between 77th and 78th sts., new york, coffee bar
344,sarabeth's kitchen, 423 amsterdam ave.  between 80th and 81st sts., new york, american
345,sea grill, 19 w. 49th st., new york, seafood
346,serendipity, 3 225 e. 60th st., new york, american
347,seventh regiment mess and bar, 643 park ave. at 66th st., new york, american
348,sfuzzi, 58 w. 65th st., new york, american
349,shaan, 57 w. 48th st., new york, asian
350,sofia fabulous pizza, 1022 madison ave.  near 79th st., new york, italian
351,spring street natural restaurant & bar, 62 spring st. at lafayette st., new york, american
352,stage deli, 834 7th ave.  between 53rd and 54th sts., new york, delicatessen
353,stingray, 428 amsterdam ave.  between 80th and 81st sts., new york, seafood
354,sweet'n'tart cafe, 76 mott st. at canal st., new york, asian
355,t salon, 143 mercer st. at prince st., new york, coffee bar
356,tang pavillion, 65 w. 55th st., new york, asian
357,tapika, 950 8th ave. at 56th st., new york, american
358,teresa's, 103 1st ave.  between 6th and 7th sts., new york, east european
359,terrace, 400 w. 119th st.  between amsterdam and morningside aves., new york, continental
360,the coffee pot, 350 9th ave. at 49th st., new york, coffee bar
361,the savannah club, 2420 broadway at 89th st., new york, american
362,trattoria dell'arte, 900 7th ave.  between 56th and 57th sts., new york, italian
363,triangolo, 345 e. 83rd st., new york, italian
364,tribeca grill, 375 greenwich st.  near franklin st., new york, american
365,trois jean, 154 e. 79th st.  between lexington and 3rd aves., new york, coffee bar
366,tse yang, 34 e. 51st st., new york, asian
367,turkish kitchen, 386 3rd ave.  between 27th and 28th sts., new york, middle eastern
368,two two two, 222 w. 79th st., new york, american
369,veniero's pasticceria, 342 e. 11th st.  near 1st ave., new york, coffee bar
370,verbena, 54 irving pl. at 17th st., new york, american
371,victor's cafe, 52 236 w. 52nd st., new york, latin american
372,vince & eddie's, 70 w. 68th st., new york, american
373,vong, 200 e. 54th st., new york, american
374,water club, 500 e. 30th st., new york, american
375,west, 63rd street steakhouse 44 w. 63rd st., new york, american
376,xunta, 174 1st ave.  between 10th and 11th sts., new york, mediterranean
377,zen palate, 34 union sq. e at 16th st., new york, and 212/614-9345 asian
378,zoe, 90 prince st.  between broadway and mercer st., new york, american
379,abbey, 163 ponce de leon ave., atlanta, international
380,aleck's barbecue heaven, 783 martin luther king jr. dr., atlanta, barbecue
381,annie's thai castle, 3195 roswell rd., atlanta, asian
382,anthonys, 3109 piedmont rd.  just south of peachtree rd., atlanta, american
383,atlanta fish market, 265 pharr rd., atlanta, american
384,beesley's of buckhead, 260 e. paces ferry road, atlanta, continental
385,bertolini's, 3500 peachtree rd.  phipps plaza, atlanta, italian
386,bistango, 1100 peachtree st., atlanta, mediterranean
387,cafe renaissance, 7050 jimmy carter blvd.  norcross, atlanta, american
388,camille's, 1186 n. highland ave., atlanta, italian
389,cassis, 3300 peachtree rd.  grand hyatt, atlanta, mediterranean
390,city grill, 50 hurt plaza, atlanta, international
391,coco loco, 40  buckhead crossing mall on the sidney marcus blvd., atlanta, caribbean
392,colonnade restaurant, 1879 cheshire bridge rd., atlanta, southern
393,dante's down the hatch  buckhead, 3380 peachtree rd., atlanta, continental
394,dante's down the hatch, underground underground mall  underground atlanta, atlanta, continental
395,fat matt's rib shack, 1811 piedmont ave.  near cheshire bridge rd., atlanta, barbecue
396,french quarter food shop, 923 peachtree st.  at 8th st., atlanta, southern
397,holt bros. bar-b-q, 6359 jimmy carter blvd.  at buford hwy.  norcross, atlanta, barbecue
398,horseradish grill, 4320 powers ferry rd., atlanta, southern
399,hsu's gourmet, 192 peachtree center ave.  at international blvd., atlanta, asian
400,imperial fez, 2285 peachtree rd.  peachtree battle condominium, atlanta, mediterranean
401,kamogawa, 3300 peachtree rd.  grand hyatt, atlanta, asian
402,la grotta at ravinia dunwoody rd., holiday inn/crowne plaza at ravinia  dunwoody, atlanta, italian
403,little szechuan, c buford hwy.  northwoods plaza  doraville, atlanta, asian
404,lowcountry barbecue, 6301 roswell rd.  sandy springs plaza  sandy springs, atlanta, barbecue
405,luna si, 1931 peachtree rd., atlanta, continental
406,mambo restaurante cubano, 1402 n. highland ave., atlanta, caribbean
407,mckinnon's louisiane, 3209 maple dr., atlanta, southern
408,mi spia dunwoody rd., park place  across from perimeter mall  dunwoody, atlanta, italian
409,nickiemoto's: a sushi bar, 247 buckhead ave.  east village sq., atlanta, fusion
410,palisades, 1829 peachtree rd., atlanta, continental
411,pleasant peasant, 555 peachtree st.  at linden ave., atlanta, american
412,pricci, 500 pharr rd., atlanta, italian
413,r.j.'s uptown kitchen & wine bar, 870 n. highland ave., atlanta, american
414,rib ranch, 25 irby ave., atlanta, barbecue
415,sa tsu ki, 3043 buford hwy., atlanta, asian
416,sato sushi and thai, 6050 peachtree pkwy.  norcross, atlanta, asian
417,south city kitchen, 1144 crescent ave., atlanta, southern
418,south of france, 2345 cheshire bridge rd., atlanta, french
419,stringer's fish camp and oyster bar, 3384 shallowford rd.  chamblee, atlanta, southern
420,sundown cafe, 2165 cheshire bridge rd., atlanta, american
421,taste of new orleans, 889 w. peachtree st., atlanta, southern
422,tomtom, 3393 peachtree rd., atlanta, continental
423,antonio's, 3700 w. flamingo, las vegas, italian
424,bally's big kitchen, 3645 las vegas blvd. s, las vegas, buffets
425,bamboo garden, 4850 flamingo rd., las vegas, asian
426,battista's hole in the wall, 4041 audrie st. at flamingo rd., las vegas, italian
427,bertolini's, 3570 las vegas blvd. s, las vegas, italian
428,binion's coffee shop, 128 fremont st., las vegas, coffee shops/diners
429,bistro, 3400 las vegas blvd. s, las vegas, continental
430,broiler, 4111 boulder hwy., las vegas, american
431,bugsy's diner, 3555 las vegas blvd. s, las vegas, coffee shops/diners
432,cafe michelle, 1350 e. flamingo rd., las vegas, american
433,cafe roma, 3570 las vegas blvd. s, las vegas, coffee shops/diners
434,capozzoli's, 3333 s. maryland pkwy., las vegas, italian
435,carnival world, 3700 w. flamingo rd., las vegas, buffets
436,center stage plaza hotel, 1 main st., las vegas, american
437,circus circus, 2880 las vegas blvd. s, las vegas, buffets
438,empress court, 3570 las vegas blvd. s, las vegas, asian
439,feast, 2411 w. sahara ave., las vegas, buffets
440,golden nugget hotel, 129 e. fremont st., las vegas, buffets
441,golden steer, 308 w. sahara ave., las vegas, steak houses
442,lillie langtry's, 129 e. fremont st., las vegas, asian
443,mandarin court, 1510 e. flamingo rd., las vegas, asian
444,margarita's mexican cantina, 3120 las vegas blvd. s, las vegas, mexican
445,mary's diner, 5111 w. boulder hwy., las vegas, coffee shops/diners
446,mikado, 3400 las vegas blvd. s, las vegas, asian
447,pamplemousse, 400 e. sahara ave., las vegas, continental
448,ralph's diner, 3000 las vegas blvd. s, las vegas, coffee shops/diners
449,the bacchanal, 3570 las vegas blvd. s, las vegas, only in las vegas
450,venetian, 3713 w. sahara ave., las vegas, italian
451,viva mercado's, 6182 w. flamingo rd., las vegas, mexican
452,yolie's, 3900 paradise rd., las vegas, steak houses
453,2223, 2223 market st., san francisco, american
454,acquarello, 1722 sacramento st., san francisco, italian
455,bardelli's, 243 o'farrell st., san francisco, old san francisco
456,betelnut, 2030 union st., san francisco, asian
457,bistro roti, 155 steuart st., san francisco, french
458,bix, 56 gold st., san francisco, american
459,bizou, 598 fourth st., san francisco, french
460,buca giovanni, 800 greenwich st., san francisco, italian
461,cafe adriano, 3347 fillmore st., san francisco, italian
462,cafe marimba, 2317 chestnut st., san francisco, mexican/latin american/spanish
463,california culinary academy, 625 polk st., san francisco, french
464,capp's corner, 1600 powell st., san francisco, italian
465,carta, 1772 market st., san francisco, american
466,chevys, 4th and howard sts., san francisco, mexican/latin american/spanish
467,cypress club, 500 jackson st., san francisco, american
468,des alpes, 732 broadway, san francisco, french
469,faz, 161 sutter st., san francisco, greek and middle eastern
470,fog city diner, 1300 battery st., san francisco, american
471,garden court, market and new montgomery sts., san francisco, old san francisco
472,gaylord's, ghirardelli sq., san francisco, asian
473,grand cafe hotel monaco, 501 geary st., san francisco, american
474,greens, bldg. a fort mason, san francisco, vegetarian
475,harbor village, 4 embarcadero center, san francisco, asian
476,harris', 2100 van ness ave., san francisco, steak houses
477,harry denton's, 161 steuart st., san francisco, american
478,hayes street grill, 320 hayes st., san francisco, seafood
479,helmand, 430 broadway, san francisco, greek and middle eastern
480,hong kong flower lounge, 5322 geary blvd., san francisco, asian
481,hong kong villa, 2332 clement st., san francisco, asian
482,hyde street bistro, 1521 hyde st., san francisco, italian
483,il fornaio levi's plaza, 1265 battery st., san francisco, italian
484,izzy's steak & chop house, 3345 steiner st., san francisco, steak houses
485,jack's, 615 sacramento st., san francisco, old san francisco
486,kabuto sushi, 5116 geary blvd., san francisco, asian
487,katia's, 600 5th ave., san francisco, 
488,kuleto's, 221 powell st., san francisco, italian
489,kyo-ya. sheraton palace hotel, 2 new montgomery st.  at market st., san francisco, asian
490,l'osteria del forno, 519 columbus ave., san francisco, italian
491,le central, 453 bush st., san francisco, french
492,le soleil, 133 clement st., san francisco, asian
493,macarthur park, 607 front st., san francisco, american
494,manora, 3226 mission st., san francisco, asian
495,maykadeh, 470 green st., san francisco, greek and middle eastern
496,mccormick & kuleto's, ghirardelli sq., san francisco, seafood
497,millennium, 246 mcallister st., san francisco, vegetarian
498,moose's, 1652 stockton st., san francisco, mediterranean
499,north india, 3131 webster st., san francisco, asian
500,one market, 1 market st., san francisco, american
501,oritalia, 1915 fillmore st., san francisco, italian
502,pacific pan pacific hotel, 500 post st., san francisco, french
503,palio d'asti, 640 sacramento st., san francisco, italian
504,pane e vino, 3011 steiner st., san francisco, italian
505,pastis, 1015 battery st., san francisco, french
506,perry's, 1944 union st., san francisco, american
507,r&g lounge, 631 b kearny st., san francisco, or 415/982-3811 asian
508,rubicon, 558 sacramento st., san francisco, american
509,rumpus, 1 tillman pl., san francisco, american
510,sanppo, 1702 post st., san francisco, asian
511,scala's bistro, 432 powell st., san francisco, italian
512,south park cafe, 108 south park, san francisco, french
513,splendido embarcadero,4, san francisco, mediterranean
514,stars, 150 redwood alley, san francisco, american
515,stars cafe, 500 van ness ave., san francisco, american
516,stoyanof's cafe, 1240 9th ave., san francisco, greek and middle eastern
517,straits cafe, 3300 geary blvd., san francisco, asian
518,suppenkuche, 601 hayes st., san francisco, russian/german
519,tadich grill, 240 california st., san francisco, seafood
520,the heights, 3235 sacramento st., san francisco, french
521,thepin, 298 gough st., san francisco, asian
522,ton kiang, 3148 geary blvd., san francisco, asian
523,vertigo, 600 montgomery st., san francisco, mediterranean
524,vivande porta via, 2125 fillmore st., san francisco, italian
525,vivande ristorante, 670 golden gate ave., san francisco, italian
526,world wrapps, 2257 chestnut st., san francisco, american
527,wu kong, 101 spear st., san francisco, asian
528,yank sing, 427 battery st., san francisco, asian
529,yaya cuisine, 1220 9th ave., san francisco, greek and middle eastern
530,yoyo tsumami bistro, 1611 post st., san francisco, french
531,zarzuela, 2000 hyde st., san francisco, mexican/latin american/spanish
532,zuni cafe & grill, 1658 market st., san francisco, mediterranean
533,apple pan  the, 10801 w. pico blvd., west la, american
534,asahi ramen, 2027 sawtelle blvd., west la, noodle shops
535,baja fresh, 3345 kimber dr., westlake village, mexican
536,belvedere  the, 9882 little santa monica blvd., beverly hills, pacific new wave
537,benita's frites, 1433 third st. promenade, santa monica, fast food
538,bernard's, 515 s. olive st., los angeles, continental
539,bistro 45, 45 s. mentor ave., pasadena, californian
540,brent's deli, 19565 parthenia ave., northridge, delis
541,brighton coffee shop, 9600 brighton way, beverly hills, coffee shops
542,bristol farms market cafe, 1570 rosecrans ave. s., pasadena, californian
543,bruno's, 3838 centinela ave., mar vista, italian
544,cafe '50s, 838 lincoln blvd., venice, american
545,cafe blanc, 9777 little santa monica blvd., beverly hills, pacific new wave
546,cassell's, 3266 w. sixth st., la, hamburgers
547,chez melange, 1716 pch, redondo beach, eclectic
548,diaghilev, 1020 n. san vicente blvd., w. hollywood, russian
549,don antonio's, 1136 westwood blvd., westwood, italian
550,duke's, 8909 sunset blvd., w. hollywood, coffee shops
551,falafel king, 1059 broxton ave., westwood, middle eastern
552,feast from the east, 1949 westwood blvd., west la, chinese
553,gumbo pot  the, 6333 w. third st., la, cajun/creole
554,hollywood hills coffee shop, 6145 franklin ave., hollywood, coffee shops
555,indo cafe, 10428 1/2 national blvd., la, indonesian
556,jan's family restaurant, 8424 beverly blvd., la, coffee shops
557,jiraffe, 502 santa monica blvd, santa monica, californian
558,jody maroni's sausage kingdom, 2011 ocean front walk, venice, hot dogs
559,joe's, 1023 abbot kinney blvd., venice, american (new)
560,john o'groats, 10516 w. pico blvd., west la, coffee shops
561,johnnie's pastrami, 4017 s. sepulveda blvd., culver city, delis
562,johnny reb's southern smokehouse, 4663 long beach blvd., long beach, southern/soul
563,johnny rockets (la), 7507 melrose ave., la, american
564,killer shrimp, 4000 colfax ave., studio city, seafood
565,kokomo cafe, 6333 w. third st., la, american
566,koo koo roo, 8393 w. beverly blvd., la, chicken
567,la cachette, 10506 little santa monica blvd., century city, french (new)
568,la salsa (la), 22800 pch, malibu, mexican
569,la serenata de garibaldi, 1842 e. first, st. boyle hts., mexican/tex-mex
570,langer's, 704 s. alvarado st., la, delis
571,local nochol, 30869 thousand oaks blvd., westlake village, health food
572,main course  the, 10509 w. pico blvd., rancho park, american
573,mani's bakery & espresso bar, 519 s. fairfax ave., la, desserts
574,martha's, 22nd street grill 25 22nd, st. hermosa beach, american
575,maxwell's cafe, 13329 washington blvd., marina del rey, american
576,michael's (los angeles), 1147 third st., santa monica, californian
577,mishima, 8474 w. third st., la, noodle shops
578,mo better meatty meat, 7261 melrose ave., la, hamburgers
579,mulberry st., 17040 ventura blvd., encino, pizza
580,ocean park cafe, 3117 ocean park blvd., santa monica, american
581,ocean star, 145 n. atlantic blvd., monterey park, seafood
582,original pantry bakery, 875 s. figueroa st. downtown, la, diners
583,parkway grill, 510 s. arroyo pkwy., pasadena, californian
584,pho hoa, 642 broadway, chinatown, vietnamese
585,pink's famous chili dogs, 709 n. la brea ave., la, hot dogs
586,poquito mas, 2635 w. olive ave., burbank, mexican
587,r-23, 923 e. third st., los angeles, japanese
588,rae's, 2901 pico blvd., santa monica, diners
589,rubin's red hots, 15322 ventura blvd., encino, hot dogs
590,ruby's (la), 45 s. fair oaks ave., pasadena, diners
591,russell's burgers, 1198 pch, seal beach, hamburgers
592,ruth's chris steak house (los angeles), 224 s. beverly dr., beverly hills, steakhouses
593,shiro, 1505 mission st. s., pasadena, pacific new wave
594,sushi nozawa, 11288 ventura blvd., studio city, japanese
595,sweet lady jane, 8360 melrose ave., la, desserts
596,taiko, 11677 san vicente blvd., brentwood, noodle shops
597,tommy's, 2575 beverly blvd., la, hamburgers
598,uncle bill's pancake house, 1305 highland ave., manhattan beach, diners
599,water grill, 544 s. grand ave., los angeles, seafood
600,zankou chicken, 1415 e. colorado st., glendale, middle eastern
601,afghan kebab house, 764 ninth ave., new york city, afghan
602,arcadia, 21 e. 62nd st., new york city, american (new)
603,benny's burritos, 93 ave. a, new york city, mexican
604,cafe con leche, 424 amsterdam ave., new york city, cuban
605,corner bistro, 331 w. fourth st., new york city, hamburgers
606,cucina della fontana, 368 bleecker st., new york city, italian
607,cucina di pesce, 87 e. fourth st., new york city, seafood
608,darbar, 44 w. 56th st., new york city, indian
609,ej's luncheonette, 432 sixth ave., new york city, diners
610,edison cafe, 228 w. 47th st., new york city, diners
611,elias corner, 24-02 31st st., queens, greek
612,good enough to eat, 483 amsterdam ave., new york city, american
613,gray's papaya, 2090 broadway, new york city, hot dogs
614,il mulino, 86 w. third st., new york city, italian
615,jackson diner, 37-03 74th st., queens, indian
616,joe's shanghai, 9 pell st., queens, chinese
617,john's pizzeria, 48 w. 65th st., new york city, pizza
618,kelley & ping, 127 greene st., new york city, pan-asian
619,kiev, 117 second ave., new york city, ukrainian
620,kuruma zushi, 2nd fl., new york city, japanese
621,la caridad, 2199 broadway, new york city, cuban
622,la grenouille, 3 e. 52nd st., new york city, french (classic)
623,lemongrass grill, 61a seventh ave., brooklyn, thai
624,lombardi's, 32 spring st., new york city, pizza
625,marnie's noodle shop, 466 hudson st., new york city, asian
626,menchanko-tei, 39 w. 55th st., new york city, japanese
627,mitali east-west, 296 bleecker st., new york city, indian
628,monsoon (ny), 435 amsterdam ave., new york city, thai
629,moustache, 405 atlantic ave., brooklyn, middle eastern
630,nobu, 105 hudson st., new york city, japanese
631,one if by land  tibs, 17 barrow st., new york city, continental
632,oyster bar, lower level, new york city, seafood
633,palm, 837 second ave., new york city, steakhouses
634,palm too, 840 second ave., new york city, steakhouses
635,patsy's pizza, 19 old fulton st., brooklyn, pizza
636,peter luger steak house, 178 broadway, brooklyn, steakhouses
637,rose of india, 308 e. sixth st., new york city, indian
638,sam's noodle shop, 411 third ave., new york city, chinese
639,sarabeth's, 1295 madison ave., new york city, american
640,sparks steak house, 210 e. 46th st., new york city, steakhouses
641,stick to your ribs, 5-16 51st ave., queens, bbq
642,sushisay, 38 e. 51st st., new york city, japanese
643,sylvia's, 328 lenox ave., new york city, southern/soul
644,szechuan hunan cottage, 1588 york ave., new york city, chinese
645,szechuan kitchen, 1460 first ave., new york city, chinese
646,teresa's, 80 montague st., queens, polish
647,thai house cafe, 151 hudson st., new york city, thai
648,thailand restaurant, 106 bayard st., new york city, thai
649,veselka, 144 second ave., new york city, ukrainian
650,westside cottage, 689 ninth ave., new york city, chinese
651,windows on the world, 107th fl., new york city, eclectic
652,wollensky's grill, 205 e. 49th st., new york city, steakhouses
653,yama, 122 e. 17th st., new york city, japanese
654,zarela, 953 second ave., new york city, mexican
655,andre's french restaurant, 401 s. 6th st., las vegas, french (classic)
656,buccaneer bay club, 3300 las vegas blvd. s., las vegas, continental
657,buzio's in the rio, 3700 w. flamingo rd., las vegas, seafood
658,emeril's new orleans fish house, 3799 las vegas blvd. s., las vegas, seafood
659,fiore rotisserie & grille, 3700 w. flamingo rd., las vegas, italian
660,hugo's cellar, 202 e. fremont st., las vegas, continental
661,madame ching's, 3300 las vegas blvd. s., las vegas, asian
662,mayflower cuisinier, 4750 w. sahara ave., las vegas, chinese
663,michael's (las vegas), 3595 las vegas blvd. s., las vegas, continental
664,monte carlo, 3145 las vegas blvd. s., las vegas, french (new)
665,moongate, 3400 las vegas blvd. s., las vegas, chinese
666,morton's of chicago (las vegas), 3200 las vegas blvd. s., las vegas, steakhouses
667,nicky blair's, 3925 paradise rd., las vegas, italian
668,piero's restaurant, 355 convention center dr., las vegas, italian
669,spago (las vegas), 3500 las vegas blvd. s., las vegas, californian
670,steakhouse  the, 128 e. fremont st., las vegas, steakhouses
671,stefano's, 129 fremont st., las vegas, italian
672,sterling brunch, 3645 las vegas blvd. s., las vegas, eclectic
673,tre visi, 3799 las vegas blvd. s., las vegas, italian
674,103 west, 103 w. paces ferry rd., atlanta, continental
675,alon's at the terrace, 659 peachtree st., atlanta, sandwiches
676,baker's cajun cafe, 1134 euclid ave., atlanta, cajun/creole
677,barbecue kitchen, 1437 virginia ave., atlanta, bbq
678,bistro  the, 56 e. andrews dr. nw, atlanta, french bistro
679,bobby & june's kountry kitchen, 375 14th st., atlanta, southern/soul
680,bradshaw's restaurant, 2911 s. pharr court, atlanta, southern/soul
681,brookhaven cafe, 4274 peachtree rd., atlanta, vegetarian
682,cafe sunflower, 5975 roswell rd., atlanta, health food
683,canoe, 4199 paces ferry rd., atlanta, american (new)
684,carey's, 1021 cobb pkwy. se, marietta, hamburgers
685,carey's corner, 1215 powers ferry rd., marietta, hamburgers
686,chops, 70 w. paces ferry rd., atlanta, steakhouses
687,chopstix, 4279 roswell rd., atlanta, chinese
688,deacon burton's soulfood restaurant, 1029 edgewood ave. se, atlanta, southern/soul
689,eats, 600 ponce de leon ave., atlanta, italian
690,flying biscuit  the, 1655 mclendon ave., atlanta, eclectic
691,frijoleros, 1031 peachtree st. ne, atlanta, tex-mex
692,greenwood's, 1087 green st., roswell, southern/soul
693,harold's barbecue, 171 mcdonough blvd., atlanta, bbq
694,havana sandwich shop, 2905 buford hwy., atlanta, cuban
695,house of chan, 2469 cobb pkwy., smyrna, chinese
696,indian delights, 3675 satellite blvd., duluth, indian
697,java jive, 790 ponce de leon ave., atlanta, coffee shops
698,johnny rockets (at), 2970 cobb pkwy., atlanta, american
699,kalo's coffee house, 1248 clairmont rd., decatur, coffeehouses
700,la fonda latina, 4427 roswell rd., atlanta, spanish
701,lettuce souprise you (at), 3525 mall blvd., duluth, cafeterias
702,majestic, 1031 ponce de leon ave., atlanta, diners
703,morton's of chicago (atlanta), 303 peachtree st. ne, atlanta, steakhouses
704,my thai, 1248 clairmont rd., atlanta, thai
705,nava, 3060 peachtree rd., atlanta, southwestern
706,nuevo laredo cantina, 1495 chattahoochee ave. nw, atlanta, mexican
707,original pancake house (at), 4330 peachtree rd., atlanta, american
708,palm  the (atlanta), 3391 peachtree rd. ne, atlanta, steakhouses
709,rainbow restaurant, 2118 n. decatur rd., decatur, vegetarian
710,ritz-carlton cafe (atlanta), 181 peachtree st., atlanta, american (new)
711,riviera, 519 e. paces ferry rd., atlanta, mediterranean
712,silver skillet  the, 200 14th st. nw, atlanta, coffee shops
713,soto, 3330 piedmont rd., atlanta, japanese
714,thelma's kitchen, 764 marietta st. nw, atlanta, cafeterias
715,tortillas, 774 ponce de leon ave. ne, atlanta, tex-mex
716,van gogh's restaurant & bar, 70 w. crossville rd., roswell, american (new)
717,veggieland, 220 sandy springs circle, atlanta, vegetarian
718,white house restaurant, 3172 peachtree rd. ne, atlanta, diners
719,zab-e-lee, 4837 old national hwy., college park, thai
720,bill's place, 2315 clement st., san francisco, hamburgers
721,cafe flore, 2298 market st., san francisco, californian
722,caffe greco, 423 columbus ave., san francisco, continental
723,campo santo, 240 columbus ave., san francisco, mexican
724,cha cha cha's, 1805 haight st., san francisco, caribbean
725,doidge's, 2217 union st., san francisco, american
726,dottie's true blue cafe, 522 jones st., san francisco, diners
727,dusit thai, 3221 mission st., san francisco, thai
728,ebisu, 1283 ninth ave., san francisco, japanese
729,emerald garden restaurant, 1550 california st., san francisco, vietnamese
730,eric's chinese restaurant, 1500 church st., san francisco, chinese
731,hamburger mary's, 1582 folsom st., san francisco, hamburgers
732,kelly's on trinity, 333 bush st., san francisco, californian
733,la cumbre, 515 valencia st., san francisco, mexican
734,la mediterranee, 288 noe st., san francisco, mediterranean
735,la taqueria, 2889 mission st., san francisco, mexican
736,mario's bohemian cigar store cafe, 2209 polk st., san francisco, italian
737,marnee thai, 2225 irving st., san francisco, thai
738,mel's drive-in, 3355 geary st., san francisco, hamburgers
739,mo's burgers, 1322 grant st., san francisco, hamburgers
740,phnom penh cambodian restaurant, 631 larkin st., san francisco, cambodian
741,roosevelt tamale parlor, 2817 24th st., san francisco, mexican
742,sally's cafe & bakery, 300 de haro st., san francisco, american
743,san francisco bbq, 1328 18th st., san francisco, thai
744,slanted door, 584 valencia st., san francisco, vietnamese
745,swan oyster depot, 1517 polk st., san francisco, seafood
746,thep phanom, 400 waller st., san francisco, thai
747,ti couz, 3108 16th st., san francisco, french
748,trio cafe, 1870 fillmore st., san francisco, american
749,tu lan, 8 sixth st., san francisco, vietnamese
750,vicolo pizzeria, 201 ivy st., san francisco, pizza
751,wa-ha-ka oaxaca mexican grill, 2141 polk st., san francisco, mexican
752,arnie morton's of chicago, 435 s. la cienega blvd., los angeles, steakhouses
753,art's deli, 12224 ventura blvd., studio city, delis
754,bel-air hotel, 701 stone canyon rd., bel air, californian
755,cafe bizou, 14016 ventura blvd., sherman oaks, french bistro
756,campanile, 624 s. la brea ave., los angeles, californian
757,chinois on main, 2709 main st., santa monica, pacific new wave
758,citrus, 6703 melrose ave., los angeles, californian
759,fenix at the argyle, 8358 sunset blvd., w. hollywood, french (new)
760,granita, 23725 w. malibu rd., malibu, californian
761,grill  the, 9560 dayton way, beverly hills, american (traditional)
762,katsu, 1972 hillhurst ave., los feliz, japanese
763,l'orangerie, 903 n. la cienega blvd., w. hollywood, french (classic)
764,le chardonnay (los angeles), 8284 melrose ave., los angeles, french bistro
765,locanda veneta, 8638 w. third st., los angeles, italian
766,matsuhisa, 129 n. la cienega blvd., beverly hills, seafood
767,palm  the (los angeles), 9001 santa monica blvd., w. hollywood, steakhouses
768,patina, 5955 melrose ave., los angeles, californian
769,philippe the original, 1001 n. alameda st., chinatown, cafeterias
770,pinot bistro, 12969 ventura blvd., studio city, french bistro
771,rex il ristorante, 617 s. olive st., los angeles, nuova cucina italian
772,spago (los angeles), 8795 sunset blvd., w. hollywood, californian
773,valentino, 3115 pico blvd., santa monica, italian
774,yujean kang's, 67 n. raymond ave., pasadena, chinese
775,21 club, 21 w. 52nd st., new york city, american (new)
776,aquavit, 13 w. 54th st., new york city, scandinavian
777,aureole, 34 e. 61st st., new york city, american (new)
778,cafe lalo, 201 w. 83rd st., new york city, coffeehouses
779,cafe des artistes, 1 w. 67th st., new york city, french (classic)
780,carmine's, 2450 broadway, new york city, italian
781,carnegie deli, 854 seventh ave., new york city, delis
